INSERT INTO crm_countries(alpha_2, alpha_3, name_ru, name_en) VALUES
('af','afg','Афганистан','Afghanistan'),
('al','alb','Албания','Albania'),
('dz','dza','Алжир ','Algeria '),
('ad','and','Андорра','Andorra'),
('ao','ago','Ангола','Angola'),
('ag','atg','Антигуа и Барбуда','Antigua and Barbuda'),
('az','aze','Азербайджан','Azerbaijan'),
('ar','arg','Аргентина','Argentina'),
('au','aus','Австралия','Australia'),
('at','aut','Австрия','Austria'),
('bs','bhs','Багамы','Bahamas'),
('bh','bhr','Бахрейн','Bahrain'),
('bd','bgd','Бангладеш','Bangladesh'),
('am','arm','Армения','Armenia'),
('bb','brb','Барбадос','Barbados'),
('be','bel','Бельгия','Belgium'),
('bt','btn','Бутан','Butane'),
('bo','bol','Боливия','Bolivia'),
('ba','bih','Босния и Герцеговина','Bosnia and Herzegovina'),
('bw','bwa','Ботсвана','Botswana'),
('br','bra','Бразилия','Brazil'),
('bz','blz','Белиз','Belize'),
('sb','slb','Соломоновы острова','Solomon islands'),
('bn','brn','Брюней','Brunei'),
('bg','bgr','Болгария','Bulgaria'),
('mm','mmr','Мьянма','Myanmar'),
('bi','bdi','Бурунди','Burundi'),
('by','blr','Беларусь','Belarus'),
('kh','khm','Камбоджа','Cambodia'),
('cm','cmr','Камерун','Cameroon'),
('ca','can','Канада','Canada'),
('cv','cpv','Кабо-Верде','Cape Verde'),
('cf','caf','Центральноафриканская Республика','CAR'),
('lk','lka','Шри-Ланка','Sri Lanka'),
('td','tcd','Чад','Chad'),
('cl','chl','Чили','Chile'),
('cn','chn','Китай','PRC (People''s Republic of China)'),
('co','col','Колумбия','Colombia'),
('km','com','Коморы','Comoros'),
('cg','cog','Республика Конго','Republic of the Congo'),
('cd','cod','Демократическая республика Конго','Democratic Republic of the Congo'),
('cr','cri','Коста-Рика','Costa Rica'),
('hr','hrv','Хорватия','Croatia'),
('cu','cub','Куба','Cuba'),
('cy','cyp','Кипр','Cyprus'),
('cz','cze','Чехия','Czech Republic'),
('bj','ben','Бенин','Benin'),
('dk','dnk','Дания','Denmark'),
('dm','dma','Доминика','Dominica'),
('do','dom','Доминиканская Республика','Dominican Republic'),
('ec','ecu','Эквадор','Ecuador'),
('sv','slv','Сальвадор','Salvador'),
('gq','gnq','Экваториальная Гвинея','Equatorial Guinea'),
('et','eth','Эфиопия','Ethiopia'),
('er','eri','Эритрея','Eritrea'),
('ee','est','Эстония','Estonia'),
('fj','fji','Фиджи','Fiji'),
('fi','fin','Финляндия','Finland'),
('fr','fra','Франция','France'),
('dj','dji','Джибути','Djibouti'),
('ga','gab','Габон','Gabon'),
('ge','geo','Грузия','Georgia'),
('gm','gmb','Гамбия','Gambia'),
('de','deu','Германия','Germany'),
('gh','gha','Гана','Ghana'),
('ki','kir','Кирибати','Kiribati'),
('gr','grc','Греция','Greece'),
('gd','grd','Гренада','Grenada'),
('gt','gtm','Гватемала','Guatemala'),
('gn','gin','Гвинея','Guinea'),
('gy','guy','Гайана','Guyana'),
('ht','hti','Гаити','Haiti'),
('hn','hnd','Гондурас','Honduras'),
('hu','hun','Венгрия','Hungary'),
('is','isl','Исландия','Iceland'),
('in','ind','Индия','India'),
('id','idn','Индонезия','Indonesia'),
('ir','irn','Иран','Iran'),
('iq','irq','Ирак','Iraq'),
('ie','irl','Ирландия','Ireland'),
('il','isr','Израиль','Israel'),
('it','ita','Италия','Italy'),
('ci','civ','Кот-д’Ивуар','Cote d’Ivoire'),
('jm','jam','Ямайка','Jamaica'),
('jp','jpn','Япония','Japan'),
('kz','kaz','Казахстан','Kazakhstan'),
('jo','jor','Иордания','Jordan'),
('ke','ken','Кения','Kenya'),
('kp','prk','КНДР (Корейская Народно-Демократическая Республика','DPRK (Democratic People''s Republic of Korea)'),
('kr','kor','Южная Корея','The Republic of Korea'),
('kw','kwt','Кувейт','Kuwait'),
('kg','kgz','Кыргызстан','Kyrgyzstan'),
('la','lao','Лаос','Laos'),
('lb','lbn','Ливан','Lebanon'),
('ls','lso','Лесото','Lesotho'),
('lv','lva','Латвия','Latvia'),
('lr','lbr','Либерия','Liberia'),
('ly','lby','Ливия','Libya'),
('li','lie','Лихтенштейн','Liechtenstein'),
('lt','ltu','Литва','Lithuania'),
('lu','lux','Люксембург','Luxembourg'),
('mg','mdg','Мадагаскар','Madagascar'),
('mw','mwi','Малави','Malawi'),
('my','mys','Малайзия','Malaysia'),
('mv','mdv','Мальдивы','Maldives'),
('ml','mli','Мали','Mali'),
('mt','mlt','Мальта','Malta'),
('mr','mrt','Мавритания','Mauritania'),
('mu','mus','Маврикий','Mauritius'),
('mx','mex','Мехико','Mexico'),
('mc','mco','Монако','Monaco'),
('mn','mng','Монголия','Mongolia'),
('md','mda','Молдова','Moldova'),
('me','mne','Черногория','Montenegro'),
('ma','mar','Марокко','Morocco'),
('mz','moz','Мозамбик','Mozambique'),
('om','omn','Оман','Oman'),
('na','nam','Намибия','Namibia'),
('nr','nru','Науру','Nauru'),
('np','npl','Непал','Nepal'),
('nl','nld','Нидерланды','Netherlands'),
('vu','vut','Вануату','Vanuatu'),
('nz','nzl','Новая Зеландия','New Zealand'),
('ni','nic','Никарагуа','Nicaragua'),
('ne','ner','Нигер','Niger'),
('ng','nga','Нигерия','Nigeria'),
('no','nor','Норвегия','Norway'),
('fm','fsm','Федеративные Штаты Микронезии','Micronesia'),
('mh','mhl','Маршалловы острова','Marshall Islands'),
('pw','plw','Палау','Palau'),
('pk','pak','Пакистан','Pakistan'),
('pa','pan','Панама','Panama'),
('pg','png','Папуа Новая Гвинея','Papua New Guinea'),
('py','pry','Парагвай','Paraguay'),
('pe','per','Перу','Peru'),
('ph','phl','Филлипины','Philippines'),
('pl','pol','Польша','Poland'),
('pt','prt','Португалия','Portugal'),
('gw','gnb','Гвинея-Бисау','Guinea bissau'),
('tl','tls','Восточный Тимор','East Timor'),
('qa','qat','Катар','Qatar'),
('ro','rou','Румыния','Romania'),
('ru','rus','Россия','Russia'),
('rw','rwa','Руанда','Rwanda'),
('kn','kna','Сент-Китс и Невис','Saint Kitts and Nevis'),
('lc','lca','Сент-Люсия','Saint Lucia'),
('vc','vct','Сент-Винсент и Гренадины','Saint Vincent and the Grenadines'),
('sm','smr','Сан-Марино','San marino'),
('st','stp','Сан-Томе и Принсипи','Sao Tome and Principe'),
('sa','sau','Саудовская Аравия','Saudi Arabia'),
('sn','sen','Сенегал','Senegal'),
('rs','srb','Сербия','Serbia'),
('sc','syc','Сейшелы','Seychelles'),
('sl','sle','Сьерра-Леоне','Sierra Leone'),
('sg','sgp','Сингапур','Singapore'),
('sk','svk','Словакия','Slovakia'),
('vn','vnm','Вьетнам','Vietnam'),
('si','svn','Словения','Slovenia'),
('so','som','Сомали','Somalia'),
('za','zaf','Южно-Африканская Республика','South Africa'),
('zw','zwe','Зимбабве','Zimbabwe'),
('es','esp','Испания','Spain'),
('ss','ssd','Южный Судан','South Sudan'),
('sd','sdn','Судан','Sudan'),
('sr','sur','Суринам','Suriname'),
('sz','swz','Свазиленд','Swaziland'),
('se','swe','Швеция','Sweden'),
('ch','che','Швейцария','Switzerland'),
('sy','syr','Сирия','Syria'),
('tj','tjk','Таджикистан','Tajikistan'),
('th','tha','Тайланд','Thailand'),
('tg','tgo','Того','Togo'),
('to','ton','Тонга','Tonga'),
('tt','tto','Тринидад и Тобаго','Trinidad and Tobago'),
('ae','are','ОАЭ','UAE'),
('tn','tun','Тунис','Tunisia'),
('tr','tur','Турция','Turkey'),
('tm','tkm','Туркменистан','Turkmenistan'),
('tv','tuv','Тувалу','Tuvalu'),
('ug','uga','Уганда','Uganda'),
('ua','ukr','Украина','Ukraine'),
('mk','mkd','Македония','Macedonia'),
('eg','egy','Египет','Egypt'),
('gb','gbr','Великобритания','United Kingdom'),
('tz','tza','Танзания','Tanzania'),
('us','usa','США','USA'),
('bf','bfa','Буркина-Фасо','Burkina Faso'),
('uy','ury','Уругвай','Uruguay'),
('uz','uzb','Узбекистан','Uzbekistan'),
('ve','ven','Венесуэла','Venezuela'),
('ws','wsm','Самоа','Samoa'),
('ye','yem','Йемен','Yemen'),
('zm','zmb','Замбия','Zambia'),
('hk','hk','Гонконг','Hong Kong');

INSERT INTO `crm_role` VALUES
(1,'ROLE_ADMIN'),
(2,'ROLE_SALES_HEAD'),
(3,'ROLE_RM'),
(4,'ROLE_SALES'),
(5,'ROLE_HR'),
(6,'ROLE_MANAGER'),
(7,'ROLE_NETWORK_COORDINATOR'),
(8,'ROLE_SALES_ASSISTANT'),
(9,'ROLE_SITE');

INSERT INTO crm_industry(id, name, common, employee_id, create_date) VALUES
(1,'Airlines/Aviation/Aerospace',true,NULL,'2020-07-02 14:29:59'),
(2,'Animation',false,NULL,'2020-07-02 14:29:59'),
(3,'Apparel & Fashion',false,NULL,'2020-07-02 14:29:59'),
(4,'Architecture & Planning',false,NULL,'2020-07-02 14:29:59'),
(5,'Arts and Crafts',false,NULL,'2020-07-02 14:29:59'),
(6,'Automotive',false,NULL,'2020-07-02 14:29:59'),
(7,'Banking',true,NULL,'2020-07-02 14:29:59'),
(8,'Biotechnology',false,NULL,'2020-07-02 14:29:59'),
(9,'Business Supplies and Equipment',false,NULL,'2020-07-02 14:29:59'),
(10,'Chemicals',false,NULL,'2020-07-02 14:29:59'),
(11,'Civic & Social Organization',false,NULL,'2020-07-02 14:29:59'),
(12,'Computer Games',false,NULL,'2020-07-02 14:29:59'),
(13,'Computer Hardware',false,NULL,'2020-07-02 14:29:59'),
(14,'Computer Software',false,NULL,'2020-07-02 14:29:59'),
(15,'Construction',false,NULL,'2020-07-02 14:29:59'),
(16,'Consulting',false,NULL,'2020-07-02 14:29:59'),
(17,'Consumer Goods',false,NULL,'2020-07-02 14:29:59'),
(18,'Consumer Services',false,NULL,'2020-07-02 14:29:59'),
(19,'Cosmetics',false,NULL,'2020-07-02 14:29:59'),
(20,'Dairy',false,NULL,'2020-07-02 14:29:59'),
(21,'Design',false,NULL,'2020-07-02 14:29:59'),
(22,'E-Learning',true,NULL,'2020-07-02 14:29:59'),
(23,'Education Institutions',false,NULL,'2020-07-02 14:29:59'),
(24,'Electrical/Electronic Manufacturing',false,NULL,'2020-07-02 14:29:59'),
(25,'Events Services',false,NULL,'2020-07-02 14:29:59'),
(26,'Farming',false,NULL,'2020-07-02 14:29:59'),
(27,'Finance/Fintech',false,NULL,'2020-07-02 14:29:59'),
(28,'Food & Beverages',false,NULL,'2020-07-02 14:29:59'),
(29,'Food Production',false,NULL,'2020-07-02 14:29:59'),
(30,'Gambling',true,NULL,'2020-07-02 14:29:59'),
(31,'Graphic Design',false,NULL,'2020-07-02 14:29:59'),
(32,'Health, Wellness and Fitness',false,NULL,'2020-07-02 14:29:59'),
(33,'Healthcare',true,NULL,'2020-07-02 14:29:59'),
(34,'Information Technology and Services',false,NULL,'2020-07-02 14:29:59'),
(35,'Insurance',false,NULL,'2020-07-02 14:29:59'),
(36,'IoT',true,NULL,'2020-07-02 14:29:59'),
(37,'Jewelry',false,NULL,'2020-07-02 14:29:59'),
(38,'Legal Services',false,NULL,'2020-07-02 14:29:59'),
(39,'Libraries',false,NULL,'2020-07-02 14:29:59'),
(40,'Logistics and Supply Chain',true,NULL,'2020-07-02 14:29:59'),
(41,'Manufacturing',false,NULL,'2020-07-02 14:29:59'),
(42,'Marketing and Advertising',false,NULL,'2020-07-02 14:29:59'),
(43,'Military',false,NULL,'2020-07-02 14:29:59'),
(44,'Mining & Metals',false,NULL,'2020-07-02 14:29:59'),
(45,'Newspapers/Magazines/Publishing',false,NULL,'2020-07-02 14:29:59'),
(46,'Oil & Energy',false,NULL,'2020-07-02 14:29:59'),
(47,'Real Estate',true,NULL,'2020-07-02 14:29:59'),
(48,'Religious Institutions',false,NULL,'2020-07-02 14:29:59'),
(49,'Research',false,NULL,'2020-07-02 14:29:59'),
(50,'Retail & E-Commerce',true,NULL,'2020-07-02 14:29:59'),
(51,'Security',true,NULL,'2020-07-02 14:29:59'),
(52,'Sports',false,NULL,'2020-07-02 14:29:59'),
(53,'Staffing and Recruiting',false,NULL,'2020-07-02 14:29:59'),
(54,'Telecommunications',true,NULL,'2020-07-02 14:29:59'),
(55,'Travel & Hospitality',true,NULL,'2020-07-02 14:29:59'),
(56,'Utilities',false,NULL,'2020-07-02 14:29:59'),
(57,'Video & Multimedia',true,NULL,'2020-07-02 14:29:59'),
(58,'Wholesale',false,NULL,'2020-07-02 14:29:59');

INSERT INTO crm_private_data(id, additional_info, additional_phone, first_name, is_active, last_name, middle_name, phone, skype) VALUES
(1,NULL, NULL, 'admin', true, 'admin', 'admin', NULL, NULL),
(2,NULL, NULL, 'sales', true, 'sales', 'sales', NULL, NULL),
(3,NULL, NULL, 'sales_head', true, 'sales_head', 'sales_head', NULL, NULL),
(4,NULL, NULL, 'rm', true, 'rm', 'rm', NULL, NULL),
(5,NULL, NULL, 'hr', true, 'hr', 'hr', NULL, NULL),
(6,NULL, NULL, 'manager', true, 'manager', 'manager', NULL, NULL),
(7,NULL, NULL, 'sales_assistant', true, 'sales_assistant', 'sales_assistant', NULL, NULL),
(8,NULL, NULL, 'network_coordinator', true, 'network_coordinator', 'network_coordinator', NULL, NULL),
(9,NULL, NULL, 'site', true, 'site', 'site', NULL, NULL);

INSERT INTO crm_employee(create_date, last_access_date, login, may_db_auth, password, id, position, email, responsible_rm, distribution_date_rm, old_id, mentor_id, lottery_participant, auto_distribution_date, telegram_username, employee_lang, distribution_date_day, distribution_date_night, distribution_date_regional, distribution_day_participant, distribution_night_participant, distribution_regional_participant) VALUES
('2014-10-17 14:41:57',NULL,'admin',1,'$2a$10$oUSbaMmxCYcAK27.MxgZcuxiLSxUyP046F7QsFB3jCnl16JZfZuyS',1,'','admin@test.com',0,NULL,NULL,NULL,0,NULL,NULL,'ru',NULL,NULL,NULL,0,0,0),
('2014-05-19 22:43:06',NULL,'sales',1,'$2a$10$oUSbaMmxCYcAK27.MxgZcuxiLSxUyP046F7QsFB3jCnl16JZfZuyS',2,'QA','sales@test.com',0,NULL,NULL,NULL,0,'2020-02-13 06:30:00','k','ru','2020-07-03 14:21:32','2020-07-02 14:45:00',NULL,1,1,0),
('2006-09-20 18:00:00',NULL,'sales_head',1,'$2a$10$oUSbaMmxCYcAK27.MxgZcuxiLSxUyP046F7QsFB3jCnl16JZfZuyS',3,'','sales_head@test.com',0,NULL,NULL,NULL,0,NULL,NULL,'ru',NULL,NULL,NULL,0,0,0),
('2014-05-19 17:12:30',NULL,'rm',1,'$2a$10$oUSbaMmxCYcAK27.MxgZcuxiLSxUyP046F7QsFB3jCnl16JZfZuyS',4,'','rm@test.com',1,'2020-07-13 12:31:25',NULL,NULL,0,NULL,NULL,'ru',NULL,NULL,NULL,0,0,0),
('2014-05-19 16:57:44',NULL,'hr',1,'$2a$10$oUSbaMmxCYcAK27.MxgZcuxiLSxUyP046F7QsFB3jCnl16JZfZuyS',5,'','hr@test.com',0,NULL,NULL,NULL,0,NULL,NULL,'ru',NULL,NULL,NULL,0,0,0),
('2014-05-26 15:28:20',NULL,'manager',1,'$2a$10$oUSbaMmxCYcAK27.MxgZcuxiLSxUyP046F7QsFB3jCnl16JZfZuyS',6,'','manager@test.com',0,NULL,NULL,NULL,0,NULL,NULL,'ru',NULL,NULL,NULL,0,0,0),
('2014-05-19 12:57:44',NULL,'sales_assistant',1,'$2a$10$oUSbaMmxCYcAK27.MxgZcuxiLSxUyP046F7QsFB3jCnl16JZfZuyS',7,'rename','sales_assistant@test.com',0,NULL,2,2,0,'2020-02-10 14:03:09','sales_assistant','ru',NULL,'2020-02-28 07:55:00',NULL,0,0,0),
('2019-11-21 09:14:50',NULL,'network_coordinator',1,'$2a$10$oUSbaMmxCYcAK27.MxgZcuxiLSxUyP046F7QsFB3jCnl16JZfZuyS',8,'','network_coordinator@test.com',0,NULL,NULL,NULL,0,NULL,NULL,'ru',NULL,NULL,NULL,0,0,0),
('2019-09-10 06:10:52',NULL,'site',1,'$2a$10$oUSbaMmxCYcAK27.MxgZcuxiLSxUyP046F7QsFB3jCnl16JZfZuyS',9,NULL,'site@test.com',0,NULL,NULL,NULL,0,NULL,NULL,'ru','2020-06-30 17:22:26','2020-02-28 12:25:05',NULL,0,0,0);

INSERT INTO crm_source (id, name, type, name_en, description_ru, description_en) VALUES
(1,'Почта','OTHER','E-mail','Лиды из емейл-рассылок','Leads generated by E-mailing'),
(2,'Референция','OTHER','Recommendation','Лиды по рекомендациям','Leads generated by recommendation'),
(3,'Веб-сайт','OTHER','Site','Лиды из корпоративных источников, указанных на сайте Andersen. (Как правило, распределяются автоматически)','Leads generated by corporative sources on the Andersen website.(Usually assigned automatically)'),
(4,'LinkedIn','SOCIAL_NETWORK','LinkedIn','Соц. сеть','Social network'),
(14,'Личный контакт','OTHER','Personal contact','Лиды, самостоятельно сгенерированные менеджером по продажам','Leads generated by Sales Manager individually'),
(27,'Facebook','SOCIAL_NETWORK','Facebook','Соц. сеть','Social network');

INSERT INTO crm_employee_role (employee_id, role_id) VALUES
(1,1),
(2,4),
(3,2),
(4,3),
(5,5),
(6,6),
(7,8),
(8,7),
(9,9);

-- Base non-static db entities
INSERT INTO crm_company (id, create_date, dd_last_assignment_date, description, is_active, name, old_id, phone, url, responsible_employee_id) VALUES (1, null, null, 'Example description', true, 'Andersen', null, null, null, 4);

INSERT INTO crm_private_data (id, additional_info, additional_phone, first_name, is_active, last_name, middle_name, phone, skype) VALUES (10, null, null, 'test', true, 'test', null, null, null);
INSERT INTO crm_contact (create_date, date_of_birth, email, old_id, personal_email, position, sex, social_network, id, company_id, country_id, social_network_user_id) VALUES ('2020-07-31 12:28:04.563000000', null, null, null, null, 'Test', 0, null, 10, 1, 186, null);

INSERT INTO crm_company_sale (id, category, create_date, create_lead_date, description, day_auto_distribution, is_active, is_sale_approved, lottery_date, next_activity_date, old_id, status, status_changed_date, time_status, weight, company_id, main_contact_id, company_recommendation_id, responsible_id, source_id) VALUES (1, 'A', '2020-07-31 15:28:58', '2020-07-31 15:29:03', 'Example description', false, true, false, null, '2020-08-01 20:59:59', null, 2, null, null, null, 1, 10, null, 2, 14);

INSERT INTO crm_activity (id, date_activity, description, is_active, company_sale_id, employee_id) VALUES (1, '2020-07-31 12:28:08', 'Example activity', true, 1, 2);

INSERT INTO crm_activity_contact (activity_id, contact_id) VALUES (1, 10);

INSERT INTO crm_activity_type (id, type, activity_id) VALUES (1, 'EMAIL', 1);

INSERT INTO crm_sale_request (id, create_date, deadline, is_active, name, start_at, author_id, company_id, first_responsible_rm, responsible_for_request_id, responsible_for_sale_request_id, responsible_rm_id) VALUES (1, '2020-07-31 12:30:12.976000000', '2020-07-31 21:00:00', true, '.NET developer - 1', null, 2, 1, 4, null, 2, 4);
INSERT INTO crm_sale_request (id, create_date, deadline, is_active, name, start_at, author_id, company_id, first_responsible_rm, responsible_for_request_id, responsible_for_sale_request_id, responsible_rm_id) VALUES (2, '2020-07-31 12:31:09.434000000', '2020-07-31 21:00:00', true, '.NET developer estimation', null, 2, 1, null, 6, 2, null);

INSERT INTO crm_resume_request (auto_distribution, done_date, old_id, priority, status, status_changed_date, id, company_sale_id) VALUES (false, null, null, 'MAJOR', 'NAME_NEED', '2020-07-31 12:30:12.976000000', 1, 1);

INSERT INTO crm_estimation_request (old_id, status, status_changed_date, id, company_sale_id) VALUES (null, 'ESTIMATION_NEED', '2020-07-31 12:31:09.434000000', 2, 1);

INSERT INTO crm_comment (id, create_date, description, edit_date, is_edited, id_employee) VALUES (1, '2020-07-31 12:30:12.980000000', 'In need for .NET backend developer', '2020-07-31 12:30:13.077000000', true, 2);
INSERT INTO crm_comment (id, create_date, description, edit_date, is_edited, id_employee) VALUES (2, '2020-07-31 12:31:09.456000000', 'In need to estimate resume for .NET developer', '2020-07-31 12:31:09.490000000', true, 2);

INSERT INTO crm_resume_request_comment (id, resume_request_id) VALUES (1, 1);

INSERT INTO crm_estimation_request_comment (id, estimation_request_id) VALUES (2, 2);

INSERT INTO crm_social_network_user (id, create_date, name) VALUES (1, '2020-07-31 12:32:19.953000000', 'Virtual profile');

INSERT INTO crm_social_network_contact (id, create_date, sales_id, sales_assistant_id, social_network_user_id, source_id) VALUES (1, '2020-07-31 12:32:29.910000000', 2, 8, 1, 27);

INSERT INTO crm_social_network_answer (id, company_name, create_date, date_of_birth, email, email_private, first_name, last_name, link_lead, message, phone, phone_company, position, sex, site, skype, status, assistant_id, country_id, social_network_contact_id, source_id) VALUES (1, 'Example social network company', '2020-07-31 12:34:23.223000000', null, null, null, 'test', 'test', 'https://www.andersenlab.com', 'Example description', null, '', 'Example', 0, null, null, 0, 8, 186, 1, 27);
